creek,reach,site,riffle,date,site_lngth,riffle_lngth,bf_width,ParticleSize_2_Total,ParticleSize_2_8_Total,ParticleSize_4_Total,ParticleSize_5_6_Total,ParticleSize_8_Total,ParticleSize_11_Total,ParticleSize_16_Total,ParticleSize_22_6_Total,ParticleSize_32_Total,ParticleSize_45_Total,ParticleSize_64_Total,ParticleSize_90_Total,ParticleSize_128_Total,ParticleSize_180_Total,ParticleSize_181_Total
Red Rock Creek,Elk Lake Road to Battle Creek,1,1,7/22/2019 0:00:00,224.00,20.80,9.95,46,1,4,1,9,10,20,13,4,1,1,0,0,0,0
Red Rock Creek,Elk Lake Road to Battle Creek,1,1,7/31/2017 0:00:00,282.00,22.00,8.27,23,1,1,7,7,12,26,27,6,2,2,0,0,0,0
Red Rock Creek,Elk Lake Road to Battle Creek,1,1,7/20/2015 0:00:00,183.76,60.00,7.75,31,1,4,2,8,7,21,15,6,3,0,1,1,0,0
Red Rock Creek,Elk Lake Road to Battle Creek,1,2,7/22/2019 0:00:00,224.00,30.00,10.60,16,2,0,5,15,16,21,17,7,1,0,0,0,0,0
Red Rock Creek,Elk Lake Road to Battle Creek,1,2,7/20/2015 0:00:00,183.76,8.20,6.50,62,1,3,5,2,6,3,2,3,1,2,6,3,1,0
Red Rock Creek,Elk Lake Road to Battle Creek,1,2,7/31/2017 0:00:00,282.00,25.70,11.00,39,2,5,8,14,16,13,3,0,0,1,0,0,0,0
Red Rock Creek,Elk Lake Road to Battle Creek,1,3,7/31/2017 0:00:00,282.00,10.76,8.20,48,5,3,3,3,13,14,11,1,1,0,0,0,0,0
Red Rock Creek,Elk Lake Road to Battle Creek,1,3,7/22/2019 0:00:00,224.00,18.70,9.10,21,2,3,7,12,15,18,15,7,1,0,0,0,0,0
Red Rock Creek,Elk Lake Road to Battle Creek,1,3,7/20/2015 0:00:00,183.76,32.00,9.26,28,4,9,8,15,21,11,4,0,0,0,0,0,0,0
Red Rock Creek,Elk Lake Road to Battle Creek,1,4,7/22/2019 0:00:00,224.00,48.60,11.45,24,5,5,18,16,13,12,7,0,0,0,0,0,0,0
Red Rock Creek,Elk Lake Road to Battle Creek,1,4,7/31/2017 0:00:00,282.00,17.75,8.87,20,8,4,8,24,20,10,9,1,0,0,0,0,0,0
Red Rock Creek,Elk Lake Road to Battle Creek,1,4,7/20/2015 0:00:00,183.76,17.10,7.15,21,11,6,15,15,15,15,3,1,0,0,0,0,0,0
Picnic Creek,Widgeon Pond to Elk Springs Creek,10,1,7/23/2019 0:00:00,152.00,7.70,4.05,65,6,5,2,4,6,4,5,2,1,0,0,0,0,0
Picnic Creek,Widgeon Pond to Elk Springs Creek,10,1,7/20/2015 0:00:00,64.00,64.00,3.20,100,0,0,0,0,0,0,0,0,0,0,0,0,0,0
Picnic Creek,Widgeon Pond to Elk Springs Creek,10,1,8/1/2017 0:00:00,152.00,16.00,4.00,94,0,0,0,6,0,0,0,0,0,0,0,0,0,0
Picnic Creek,Widgeon Pond to Elk Springs Creek,10,2,7/23/2019 0:00:00,152.00,26.30,4.10,77,7,3,6,2,1,2,1,0,0,1,0,0,0,0
Picnic Creek,Widgeon Pond to Elk Springs Creek,10,2,8/1/2017 0:00:00,152.00,16.00,4.00,70,2,1,2,4,2,10,5,3,0,0,0,0,0,0
Picnic Creek,Widgeon Pond to Elk Springs Creek,10,3,8/1/2017 0:00:00,152.00,18.80,4.00,100,0,0,0,0,0,0,0,0,0,0,0,0,0,0
Picnic Creek,Widgeon Pond to Elk Springs Creek,10,3,7/23/2019 0:00:00,152.00,9.70,5.60,82,5,4,4,3,2,0,0,0,0,0,0,0,0,0
Picnic Creek,Widgeon Pond to Elk Springs Creek,10,4,7/23/2019 0:00:00,152.00,8.10,3.40,75,10,4,1,5,5,0,0,0,0,0,0,0,0,0
Picnic Creek,Widgeon Pond to Elk Springs Creek,10,4,8/1/2017 0:00:00,152.00,18.80,4.00,94,0,0,0,3,0,0,2,1,0,0,0,0,0,0
Elk Creek,Forks,11A West,1,7/21/2015 0:00:00,35.20,8.80,4.45,8,0,1,9,19,21,27,11,5,0,0,0,0,0,0
Elk Creek,Forks,11A West,1,8/2/2017 0:00:00,52.00,26.00,4.00,30,1,2,4,8,23,13,15,1,3,0,0,0,0,0
Elk Creek,Forks,11A West,2,8/2/2017 0:00:00,52.00,26.00,2.60,28,1,1,4,13,16,18,8,9,1,0,0,0,0,2
Elk Creek,Forks,11A West,2,7/21/2015 0:00:00,35.20,8.80,4.05,15,1,8,4,11,14,26,11,5,4,1,0,0,0,0
Elk Creek,Forks,11A West,3,7/21/2015 0:00:00,35.20,8.80,3.53,11,0,1,6,25,15,17,15,5,5,0,0,0,0,0
Elk Creek,Forks,11A West,3,7/23/2019 0:00:00,120.00,30.00,1.40,30,5,4,11,14,13,9,7,4,3,0,0,0,0,0
Elk Creek,Forks,11A West,4,7/21/2015 0:00:00,35.20,8.80,2.08,15,1,3,5,16,9,21,20,7,1,2,0,0,0,0
Elk Creek,Forks,11A West,4,7/23/2019 0:00:00,120.00,30.00,2.70,28,3,11,11,12,16,8,7,2,2,0,0,0,0,0
Elk Creek,Forks,11B East,1,8/2/2017 0:00:00,63.90,31.90,5.70,3,0,0,4,2,4,24,13,27,18,6,1,0,0,0
Elk Creek,Forks,11B East,1,7/21/2015 0:00:00,51.20,12.80,2.25,0,1,2,2,7,6,17,16,24,17,7,1,0,0,0
Elk Creek,Forks,11B East,1,7/23/2019 0:00:00,120.00,30.00,3.00,3,1,1,5,7,10,13,11,23,14,6,4,3,1,0
Elk Creek,Forks,11B East,2,8/2/2017 0:00:00,63.90,31.90,5.70,3,0,1,4,5,13,22,20,18,13,2,1,0,0,0
Elk Creek,Forks,11B East,2,7/21/2015 0:00:00,51.20,12.80,3.26,6,0,1,3,4,13,15,18,19,14,5,1,1,0,0
Elk Creek,Forks,11B East,2,7/23/2019 0:00:00,120.00,30.00,3.30,3,1,5,5,8,4,10,22,22,13,7,2,0,0,0
Elk Creek,Forks,11B East,3,7/21/2015 0:00:00,51.20,12.80,3.26,1,0,0,0,2,13,16,18,19,21,8,2,0,0,0
Elk Creek,Forks,11B East,4,7/21/2015 0:00:00,51.20,12.80,3.40,0,0,0,3,6,5,6,17,27,20,9,6,0,1,0
Elk Creek,MacDonald Pond to Elk Lake Road,12,1,7/21/2015 0:00:00,121.00,121.00,6.05,100,0,0,0,0,0,0,0,0,0,0,0,0,0,0
Elk Creek,MacDonald Pond to Elk Lake Road,12,1,7/23/2019 0:00:00,100.00,100.00,5.00,100,0,0,0,0,0,0,0,0,0,0,0,0,0,0
Odell Creek,Downstream of Shambow Creek,14,1,8/2/2017 0:00:00,565.00,12.50,7.80,28,19,22,15,9,5,2,0,0,0,0,0,0,0,0
Odell Creek,Downstream of Shambow Creek,14,1,7/21/2015 0:00:00,243.86,30.00,6.35,70,5,11,9,5,0,0,0,0,0,0,0,0,0,0
Odell Creek,Downstream of Shambow Creek,14,2,8/2/2017 0:00:00,565.00,9.00,9.70,39,24,18,12,5,2,0,0,0,0,0,0,0,0,0
Odell Creek,Downstream of Shambow Creek,14,2,7/21/2015 0:00:00,243.86,18.70,6.95,79,4,5,3,3,3,2,1,0,0,0,0,0,0,0
Odell Creek,Downstream of Shambow Creek,14,3,7/21/2015 0:00:00,243.86,30.25,7.43,59,0,9,11,7,6,4,4,0,0,0,0,0,0,0
Odell Creek,Downstream of Shambow Creek,14,3,8/2/2017 0:00:00,565.00,8.30,7.40,26,8,9,7,15,12,11,10,2,0,0,0,0,0,0
Odell Creek,Downstream of Shambow Creek,14,4,8/2/2017 0:00:00,565.00,13.20,8.00,35,2,13,11,14,14,9,2,0,0,0,0,0,0,0
Odell Creek,Downstream of Shambow Creek,14,4,7/21/2015 0:00:00,243.86,30.00,7.20,24,5,13,15,19,8,8,7,1,0,0,0,0,0,0
Odell Creek,South Valley Road to Shambow Creek,15,1,7/22/2015 0:00:00,77.35,11.90,7.90,12,3,3,3,7,5,18,17,23,7,2,0,0,0,0
Odell Creek,South Valley Road to Shambow Creek,15,1,8/2/2017 0:00:00,103.00,4.65,8.00,28,2,2,2,1,11,14,16,9,9,6,2,0,0,0
Odell Creek,South Valley Road to Shambow Creek,15,2,7/22/2015 0:00:00,77.35,7.00,6.70,12,1,2,3,8,13,13,7,14,17,7,3,0,0,0
Odell Creek,South Valley Road to Shambow Creek,15,2,8/2/2017 0:00:00,103.00,3.15,7.95,8,2,1,1,5,11,14,12,20,17,11,0,0,0,0
Odell Creek,South Valley Road to Shambow Creek,15,3,8/2/2017 0:00:00,103.00,2.50,8.95,18,0,0,1,2,7,18,23,19,13,3,0,0,0,0
Odell Creek,South Valley Road to Shambow Creek,15,3,7/22/2015 0:00:00,77.35,10.00,6.20,25,1,0,3,4,7,14,9,14,8,14,1,0,0,0
Odell Creek,South Valley Road to Shambow Creek,15,4,7/22/2015 0:00:00,77.35,3.00,5.30,6,5,7,4,9,7,15,16,8,20,3,0,0,0,0
Odell Creek,South Valley Road to Shambow Creek,15,4,8/2/2017 0:00:00,103.00,8.00,10.00,25,5,3,1,9,4,15,13,18,7,3,0,0,0,0
Odell Creek,Upstream of South Valley Road,16,1,7/22/2015 0:00:00,90.21,17.50,10.10,1,0,0,0,0,2,5,4,6,12,24,23,16,4,0
Odell Creek,Upstream of South Valley Road,16,1,8/2/2017 0:00:00,122.00,24.30,8.06,6,0,0,1,2,0,5,8,14,20,20,19,7,5,0
Odell Creek,Upstream of South Valley Road,16,2,8/2/2017 0:00:00,122.00,18.90,7.50,32,0,1,0,3,2,0,7,11,13,11,14,7,1,0
Odell Creek,Upstream of South Valley Road,16,2,7/22/2015 0:00:00,90.21,6.70,8.20,0,0,0,0,0,6,6,7,9,18,19,16,13,5,0
Odell Creek,Upstream of South Valley Road,16,3,7/22/2015 0:00:00,90.21,1844.00,7.90,2,2,3,6,5,14,8,13,14,11,12,8,1,1,0
Odell Creek,Upstream of South Valley Road,16,3,8/2/2017 0:00:00,122.00,36.80,6.30,14,0,2,0,2,6,6,11,10,15,18,18,5,2,0
Odell Creek,Upstream of South Valley Road,16,4,8/2/2017 0:00:00,122.00,8.60,7.10,21,1,2,0,0,9,10,7,16,15,15,10,5,1,0
Odell Creek,Upstream of South Valley Road,16,4,7/22/2015 0:00:00,90.21,15.20,7.50,4,1,0,1,2,4,5,6,13,17,17,18,11,4,0
Long Creek,Upstream of State Section,17,1,8/1/2017 0:00:00,106.00,15.20,2.50,19,2,0,2,0,4,2,2,4,5,11,20,14,8,7
Long Creek,Upstream of State Section,17,1,7/24/2019 0:00:00,90.00,3.50,4.40,28,5,0,0,3,5,8,7,6,3,12,8,9,3,3
Long Creek,Upstream of State Section,17,1,7/21/2015 0:00:00,111.06,14.60,2.40,8,0,1,4,1,2,5,5,8,16,10,11,8,6,0
Long Creek,Upstream of State Section,17,2,7/21/2015 0:00:00,111.06,6.50,4.05,11,3,1,1,4,4,7,4,4,5,9,13,13,15,0
Long Creek,Upstream of State Section,17,2,7/24/2019 0:00:00,90.00,11.00,3.40,19,1,0,6,0,6,11,9,8,9,10,3,9,6,4
Long Creek,Upstream of State Section,17,2,8/1/2017 0:00:00,106.00,3.90,6.40,34,0,1,2,5,3,5,3,5,7,8,11,5,9,5
Long Creek,Upstream of State Section,17,3,7/21/2015 0:00:00,111.06,6.80,5.40,17,2,3,4,6,7,11,6,9,10,9,7,4,1,0
Long Creek,Upstream of State Section,17,3,8/1/2017 0:00:00,106.00,14.00,5.00,29,3,3,2,1,0,1,4,7,9,6,4,12,18,4
Long Creek,Upstream of State Section,17,3,7/24/2019 0:00:00,90.00,5.00,5.20,24,2,0,2,1,3,10,11,8,9,10,5,10,4,1
Long Creek,Upstream of State Section,17,4,7/24/2019 0:00:00,90.00,8.40,4.40,14,1,1,2,3,5,10,14,5,7,10,8,15,4,2
Long Creek,Upstream of State Section,17,4,7/21/2015 0:00:00,111.06,3.10,5.50,28,2,1,1,4,7,5,7,6,8,11,6,11,1,0
Long Creek,Upstream of State Section,17,4,8/1/2017 0:00:00,106.00,6.30,5.40,28,0,0,1,1,0,9,10,11,7,11,11,9,2,0
Long Creek,State Section to North Valley Road,18,1,7/24/2019 0:00:00,87.00,4.10,5.50,52,2,1,0,2,1,4,4,2,2,13,7,10,0,0
Long Creek,State Section to North Valley Road,18,1,7/24/2019 0:00:00,87.00,4.10,5.50,52,2,1,0,2,1,4,4,2,2,13,7,10,0,0
Long Creek,State Section to North Valley Road,18,1,8/1/2017 0:00:00,68.00,9.70,5.00,34,1,1,1,2,2,2,3,6,12,10,13,11,4,1
Long Creek,State Section to North Valley Road,18,1,7/21/2015 0:00:00,164.00,3.40,5.65,42,1,1,0,1,5,3,1,2,8,0,10,10,2,0
Long Creek,State Section to North Valley Road,18,2,8/1/2017 0:00:00,68.00,2.70,5.10,67,6,0,0,2,1,2,0,0,2,3,7,8,4,0
Long Creek,State Section to North Valley Road,18,2,7/21/2015 0:00:00,164.00,3.00,2.70,44,1,0,2,1,1,2,4,1,12,4,10,12,3,0
Long Creek,State Section to North Valley Road,18,2,7/24/2019 0:00:00,87.00,16.00,4.20,96,0,0,0,0,0,0,0,0,0,3,1,0,0,0
Long Creek,State Section to North Valley Road,18,3,7/21/2015 0:00:00,164.00,4.07,3.56,50,1,1,2,0,0,1,5,3,3,1,11,15,2,0
Long Creek,State Section to North Valley Road,18,3,8/1/2017 0:00:00,68.00,6.90,4.30,46,8,1,0,2,2,3,3,10,6,12,11,2,1,1
Long Creek,State Section to North Valley Road,18,3,7/24/2019 0:00:00,87.00,8.70,3.40,100,0,0,0,0,0,0,0,0,0,0,0,0,0,0
Long Creek,State Section to North Valley Road,18,4,8/1/2017 0:00:00,68.00,14.30,5.80,48,7,2,1,2,2,9,14,7,3,4,2,2,0,0
Long Creek,State Section to North Valley Road,18,4,7/24/2019 0:00:00,87.00,4.60,4.50,100,0,0,0,0,0,0,0,0,0,0,0,0,0,0
Long Creek,State Section to North Valley Road,18,4,7/21/2015 0:00:00,164.00,5.80,4.60,39,0,0,0,2,1,8,16,12,9,4,2,2,2,0
Long Creek,State Section to North Valley Road,19,1,8/1/2017 0:00:00,354.00,8.50,2.40,14,0,0,0,0,0,0,2,5,6,5,17,27,23,3
Long Creek,State Section to North Valley Road,19,1,7/20/2015 0:00:00,146.15,4.87,4.20,59,1,1,4,2,7,6,7,7,5,1,0,0,0,0
Long Creek,State Section to North Valley Road,19,1,7/24/2019 0:00:00,83.00,11.10,4.10,21,0,0,0,2,1,1,2,5,1,4,20,29,13,7
Long Creek,State Section to North Valley Road,19,2,7/20/2015 0:00:00,146.15,3.80,3.80,28,0,3,2,2,7,11,16,9,10,5,6,1,0,0
Long Creek,State Section to North Valley Road,19,2,7/24/2019 0:00:00,83.00,9.50,3.80,34,0,0,0,4,8,13,15,14,7,4,0,0,0,0
Long Creek,State Section to North Valley Road,19,2,8/1/2017 0:00:00,354.00,5.30,4.35,33,0,0,0,4,6,11,6,14,19,9,4,2,0,0
Long Creek,State Section to North Valley Road,19,3,8/1/2017 0:00:00,354.00,5.15,3.75,21,4,1,2,5,10,9,19,19,9,4,2,0,0,0
Long Creek,State Section to North Valley Road,19,3,7/20/2015 0:00:00,146.15,4.50,4.05,10,0,1,0,1,6,19,17,23,16,6,2,0,0,0
Long Creek,State Section to North Valley Road,19,3,7/24/2019 0:00:00,83.00,11.35,3.35,27,2,0,2,4,5,6,15,10,19,7,5,0,0,0
Long Creek,State Section to North Valley Road,19,4,7/24/2019 0:00:00,83.00,9.90,4.00,4,0,0,0,0,0,0,0,0,0,0,0,0,0,0
Long Creek,State Section to North Valley Road,19,4,8/1/2017 0:00:00,354.00,3.60,4.70,23,0,1,2,3,9,10,19,12,18,4,2,0,0,0
Long Creek,State Section to North Valley Road,19,4,7/24/2019 0:00:00,83.00,9.90,4.00,24,0,0,3,6,13,19,14,11,6,2,1,0,1,0
Long Creek,State Section to North Valley Road,19,4,7/20/2015 0:00:00,146.15,1.85,2.70,40,0,0,3,3,5,6,15,11,7,7,3,0,0,0
Red Rock Creek,Elk Lake Road to Battle Creek,2,1,7/22/2019 0:00:00,70.00,7.50,5.90,29,2,3,7,11,12,18,20,4,0,0,0,0,0,0
Red Rock Creek,Elk Lake Road to Battle Creek,2,1,7/31/2017 0:00:00,161.00,10.30,7.70,30,5,1,8,6,14,17,13,7,0,0,0,0,0,0
Red Rock Creek,Elk Lake Road to Battle Creek,2,1,7/20/2015 0:00:00,72.17,16.20,6.00,10,3,2,6,11,14,22,21,10,1,0,0,0,0,0
Red Rock Creek,Elk Lake Road to Battle Creek,2,2,7/20/2015 0:00:00,72.17,7.40,8.25,33,0,6,7,17,20,13,3,1,0,0,0,0,0,0
Red Rock Creek,Elk Lake Road to Battle Creek,2,2,7/22/2019 0:00:00,70.00,7.30,7.10,26,1,2,2,2,7,24,29,13,7,1,0,0,0,0
Red Rock Creek,Elk Lake Road to Battle Creek,2,2,7/31/2017 0:00:00,161.00,7.00,8.70,15,7,2,5,7,7,29,18,9,3,0,0,0,0,0
Red Rock Creek,Elk Lake Road to Battle Creek,2,3,7/31/2017 0:00:00,161.00,3.50,7.00,24,3,2,7,11,16,20,17,3,0,0,0,0,0,0
Red Rock Creek,Elk Lake Road to Battle Creek,2,3,7/22/2019 0:00:00,70.00,14.20,9.20,8,1,1,3,5,10,21,25,25,7,0,0,0,0,0
Red Rock Creek,Elk Lake Road to Battle Creek,2,3,7/20/2015 0:00:00,72.17,11.00,9.70,37,10,8,14,10,16,4,1,0,0,0,0,0,0,0
Red Rock Creek,Elk Lake Road to Battle Creek,2,4,7/22/2019 0:00:00,70.00,5.80,10.30,13,3,6,7,10,11,28,21,8,0,1,0,0,0,0
Red Rock Creek,Elk Lake Road to Battle Creek,2,4,7/20/2015 0:00:00,72.17,14.20,8.40,78,3,3,3,4,7,1,1,0,0,0,0,0,0,0
Red Rock Creek,Elk Lake Road to Battle Creek,2,4,7/31/2017 0:00:00,161.00,7.80,11.00,14,0,1,10,11,14,22,25,6,0,0,0,0,0,0
Long Creek,Downstream of North Valley Road,20,1,8/2/2017 0:00:00,80.00,3.20,4.25,61,1,1,0,4,4,14,4,0,2,3,2,4,2,0
Long Creek,Downstream of North Valley Road,20,1,7/24/2019 0:00:00,120.00,7.90,2.80,12,2,0,0,0,5,3,2,7,8,7,15,10,20,13
Long Creek,Downstream of North Valley Road,20,2,8/2/2017 0:00:00,80.00,2.40,5.25,59,1,0,1,5,7,11,7,8,1,3,1,1,1,0
Long Creek,Downstream of North Valley Road,20,2,7/24/2019 0:00:00,120.00,9.90,3.40,17,0,0,1,0,3,5,9,5,12,10,10,18,8,2
Long Creek,Downstream of North Valley Road,20,3,7/24/2019 0:00:00,120.00,5.30,2.60,31,1,1,3,3,5,5,9,10,5,6,8,6,4,3
Long Creek,Downstream of North Valley Road,20,3,8/2/2017 0:00:00,80.00,16.25,5.60,98,0,0,0,0,1,0,1,0,0,0,0,0,0,0
Long Creek,Downstream of North Valley Road,20,4,7/24/2019 0:00:00,120.00,7.90,2.90,15,3,1,2,0,0,2,4,7,8,8,11,17,17,5
Long Creek,Downstream of North Valley Road,20,4,8/2/2017 0:00:00,80.00,7.90,4.40,100,0,0,0,0,0,0,0,0,0,0,0,0,0,0
West Creek,Downstream of Middle Creek,21,1,7/22/2015 0:00:00,50.65,5.10,7.30,74,0,1,1,8,4,5,5,2,0,0,0,0,0,0
West Creek,Downstream of Middle Creek,21,1,7/24/2019 0:00:00,48.00,48.00,2.34,49,13,3,9,6,4,8,7,0,0,0,0,0,0,0
West Creek,Downstream of Middle Creek,21,2,7/24/2019 0:00:00,48.00,48.00,1.56,90,7,0,0,0,1,1,0,1,0,0,0,0,0,0
West Creek,Downstream of Middle Creek,21,2,8/1/2017 0:00:00,85.00,11.80,3.15,73,4,0,1,4,8,3,4,2,0,0,0,0,0,0
West Creek,Downstream of Middle Creek,21,2,7/22/2015 0:00:00,50.65,4.50,2.31,88,0,0,2,2,3,4,1,0,0,0,0,0,0,0
West Creek,Downstream of Middle Creek,21,3,7/22/2015 0:00:00,50.65,3.40,2.17,90,1,0,0,2,4,3,0,0,0,0,0,0,0,0
West Creek,Downstream of Middle Creek,21,3,8/1/2017 0:00:00,85.00,3.75,2.75,88,5,3,1,0,2,1,0,0,0,0,0,0,0,0
West Creek,Downstream of Middle Creek,21,3,7/24/2019 0:00:00,48.00,48.00,2.21,35,35,0,1,3,5,6,9,4,2,0,0,0,0,0
West Creek,Downstream of Middle Creek,21,4,8/1/2017 0:00:00,85.00,11.20,2.50,83,4,0,5,1,5,2,0,0,0,0,0,0,0,0
West Creek,Downstream of Middle Creek,21,4,7/24/2019 0:00:00,48.00,48.00,2.34,28,20,2,7,10,10,12,7,4,0,0,0,0,0,0
West Creek,Downstream of Middle Creek,21,4,7/22/2015 0:00:00,50.65,7.45,2.80,93,0,1,0,1,3,1,1,0,0,0,0,0,0,0
Middle Creek,Middle Creek,22,1,7/24/2019 0:00:00,127.00,8.70,3.00,33,7,3,3,7,9,10,11,10,4,0,1,1,1,0
Middle Creek,Middle Creek,22,1,7/22/2015 0:00:00,65.00,2.26,1.83,42,1,1,2,4,8,13,2,6,7,8,4,2,0,0
Middle Creek,Middle Creek,22,1,8/1/2017 0:00:00,38.00,2.40,2.60,53,30,1,0,1,2,4,5,6,2,1,3,0,0,0
Middle Creek,Middle Creek,22,2,7/24/2019 0:00:00,127.00,5.60,2.60,41,10,5,4,1,3,7,8,8,7,5,1,0,0,0
Middle Creek,Middle Creek,22,2,7/22/2015 0:00:00,65.00,13.20,3.15,29,0,1,0,1,3,19,19,10,7,6,5,0,0,0
Middle Creek,Middle Creek,22,2,8/1/2017 0:00:00,38.00,1.75,2.34,80,14,0,0,1,1,1,0,1,0,1,0,1,0,0
Middle Creek,Middle Creek,22,3,8/1/2017 0:00:00,38.00,8.25,2.10,79,5,1,0,0,0,2,3,1,2,2,1,3,0,0
Middle Creek,Middle Creek,22,3,7/22/2015 0:00:00,65.00,2.00,2.09,59,0,0,0,5,8,14,11,2,1,0,0,0,0,0
Middle Creek,Middle Creek,22,3,7/24/2019 0:00:00,127.00,8.60,2.40,28,1,1,1,4,7,20,24,7,2,1,2,2,0,0
Middle Creek,Middle Creek,22,4,7/22/2015 0:00:00,65.00,2.00,1.43,19,0,0,2,4,11,28,20,13,0,3,0,0,0,0
Middle Creek,Middle Creek,22,4,8/1/2017 0:00:00,38.00,6.60,1.60,71,10,1,0,3,1,5,2,3,6,1,0,0,0,0
Middle Creek,Middle Creek,22,4,7/24/2019 0:00:00,127.00,5.80,2.08,27,8,1,1,3,5,8,9,12,13,7,4,2,0,0
Picnic Creek,Culver Pond to Widgeon Pond,23,1,7/20/2015 0:00:00,46.85,11.20,1.45,29,9,4,8,18,10,7,7,3,4,1,0,0,0,0
Picnic Creek,Culver Pond to Widgeon Pond,23,2,7/20/2015 0:00:00,46.85,4.40,2.31,38,9,9,13,10,6,7,7,1,0,0,0,0,0,0
Picnic Creek,Culver Pond to Widgeon Pond,23,3,7/20/2015 0:00:00,46.85,6.26,2.13,50,3,4,5,12,12,8,4,2,0,0,0,0,0,0
Picnic Creek,Culver Pond to Widgeon Pond,23,4,7/20/2015 0:00:00,46.85,8.00,1.55,27,0,2,6,12,10,10,11,12,6,4,0,0,0,0
Picnic Creek,Widgeon Outlet,24,1,7/20/2015 0:00:00,8.50,8.50,3.45,5,0,0,0,1,2,3,3,3,12,25,23,16,6,0
Red Rock Creek,Huntsman,25,1,7/22/2015 0:00:00,165.83,11.25,5.55,43,1,4,3,10,9,11,8,5,5,1,0,0,0,0
Red Rock Creek,Huntsman,25,1,8/1/2017 0:00:00,138.00,19.50,7.00,45,8,3,4,7,10,11,8,4,9,1,0,0,0,0
Red Rock Creek,Huntsman,25,1,7/23/2019 0:00:00,190.00,12.90,7.40,41,2,1,6,4,15,16,9,4,1,1,0,0,0,0
Red Rock Creek,Huntsman,25,2,7/22/2015 0:00:00,165.83,28.90,6.00,57,0,4,8,5,8,11,5,0,1,0,0,0,0,0
Red Rock Creek,Huntsman,25,2,8/1/2017 0:00:00,138.00,30.00,6.20,65,1,0,2,6,12,14,8,2,0,0,0,0,0,0
Red Rock Creek,Huntsman,25,2,7/23/2019 0:00:00,190.00,26.00,10.01,38,0,1,4,4,15,13,9,5,6,3,2,0,0,0
Red Rock Creek,Huntsman,25,3,8/1/2017 0:00:00,138.00,17.50,8.20,39,1,0,3,6,7,18,16,10,10,1,0,0,0,0
Red Rock Creek,Huntsman,25,3,7/23/2019 0:00:00,190.00,11.20,6.50,32,1,0,4,10,8,21,14,8,2,0,0,0,0,0
Red Rock Creek,Huntsman,25,3,7/22/2015 0:00:00,165.83,17.37,6.62,24,0,5,2,7,14,14,14,14,4,2,0,0,0,0
Red Rock Creek,Huntsman,25,4,7/22/2015 0:00:00,165.83,20.10,5.90,53,0,2,5,4,13,14,4,2,2,1,0,0,0,0
Red Rock Creek,Huntsman,25,4,8/1/2017 0:00:00,138.00,7.00,6.30,36,3,3,6,5,12,13,19,6,2,0,2,1,0,0
Red Rock Creek,Huntsman,25,4,7/23/2019 0:00:00,190.00,23.00,7.30,23,1,3,8,11,16,18,13,7,0,0,0,0,0,0
Red Rock Creek,Antelope Creek to Elk Lake Road,26,1,7/22/2019 0:00:00,165.00,16.00,9.90,7,0,0,0,0,0,21,31,29,11,1,0,0,0,0
Red Rock Creek,Antelope Creek to Elk Lake Road,26,1,7/10/2014 0:00:00,175.30,11.00,8.30,34,0,0,2,6,18,22,9,6,2,1,0,0,0,0
Red Rock Creek,Antelope Creek to Elk Lake Road,26,1,7/31/2017 0:00:00,225.00,16.20,9.30,21,2,1,2,9,20,15,14,14,4,0,0,0,0,1
Red Rock Creek,Antelope Creek to Elk Lake Road,26,2,7/22/2019 0:00:00,165.00,13.80,8.10,19,0,1,4,14,8,20,20,11,6,0,0,0,0,0
Red Rock Creek,Antelope Creek to Elk Lake Road,26,2,7/10/2014 0:00:00,175.30,11.00,8.00,5,3,2,5,10,15,28,20,11,1,0,0,0,0,0
Red Rock Creek,Antelope Creek to Elk Lake Road,26,2,7/31/2017 0:00:00,225.00,14.10,9.20,19,2,1,8,10,12,15,16,18,2,2,0,0,0,0
Red Rock Creek,Antelope Creek to Elk Lake Road,26,3,7/10/2014 0:00:00,175.30,15.00,9.20,11,5,2,6,5,14,13,25,17,2,0,0,0,0,0
Red Rock Creek,Antelope Creek to Elk Lake Road,26,3,7/22/2019 0:00:00,165.00,17.50,11.60,22,1,1,3,14,10,25,14,8,2,0,0,0,0,0
Red Rock Creek,Antelope Creek to Elk Lake Road,26,4,7/10/2014 0:00:00,175.30,12.00,9.60,5,0,1,0,7,15,39,18,13,2,0,0,0,0,0
Red Rock Creek,Antelope Creek to Elk Lake Road,26,4,7/31/2017 0:00:00,225.00,11.50,9.41,13,1,5,5,7,16,23,20,10,2,0,0,0,0,0
Red Rock Creek,Antelope Creek to Elk Lake Road,26,4,7/22/2019 0:00:00,165.00,9.20,8.40,19,2,2,2,14,12,20,18,9,2,0,0,0,0,0
Red Rock Creek,Elk Lake Road to Battle Creek,27,1,7/17/2014 0:00:00,246.77,15.50,5.70,4,4,2,5,12,16,25,26,6,0,0,0,0,0,0
Red Rock Creek,Elk Lake Road to Battle Creek,27,1,7/31/2017 0:00:00,264.00,14.00,6.50,18,16,4,9,16,9,12,11,5,1,0,0,0,0,0
Red Rock Creek,Elk Lake Road to Battle Creek,27,1,7/22/2019 0:00:00,168.00,11.60,6.50,13,9,6,8,19,18,21,4,2,0,0,0,0,0,0
Red Rock Creek,Elk Lake Road to Battle Creek,27,2,7/22/2019 0:00:00,168.00,15.80,7.10,24,7,2,4,13,19,25,6,0,0,0,0,0,0,0
Red Rock Creek,Elk Lake Road to Battle Creek,27,2,7/17/2014 0:00:00,246.77,25.00,5.30,18,6,3,6,18,20,21,7,1,0,0,0,0,0,0
Red Rock Creek,Elk Lake Road to Battle Creek,27,2,7/31/2017 0:00:00,264.00,16.80,8.50,28,8,3,5,11,9,16,13,4,1,0,0,0,0,0
Red Rock Creek,Elk Lake Road to Battle Creek,27,3,7/22/2019 0:00:00,168.00,11.00,7.30,18,4,2,3,13,25,28,7,0,0,0,0,0,0,0
Red Rock Creek,Elk Lake Road to Battle Creek,27,3,7/17/2014 0:00:00,246.77,14.00,6.50,22,6,3,3,21,22,15,7,1,0,0,0,0,0,0
Red Rock Creek,Elk Lake Road to Battle Creek,27,3,7/31/2017 0:00:00,264.00,13.50,6.20,17,9,1,7,7,14,30,9,2,0,0,0,0,0,0
Red Rock Creek,Elk Lake Road to Battle Creek,27,4,7/22/2019 0:00:00,168.00,11.00,6.80,22,5,2,1,3,10,26,22,8,1,0,0,0,0,0
Red Rock Creek,Elk Lake Road to Battle Creek,27,4,7/31/2017 0:00:00,264.00,14.85,6.50,26,15,3,1,12,17,17,7,2,0,0,0,0,0,0
Red Rock Creek,Elk Lake Road to Battle Creek,27,4,7/17/2014 0:00:00,246.77,17.50,6.80,9,7,3,4,19,23,18,12,2,3,0,0,0,0,0
Red Rock Creek,Corral Creek to Antelope Creek,28,1,7/23/2019 0:00:00,156.00,39.00,9.40,24,1,2,2,6,12,14,17,17,3,1,0,0,0,0
Red Rock Creek,Corral Creek to Antelope Creek,28,1,8/1/2017 0:00:00,176.00,44.00,8.50,23,6,2,2,5,5,5,8,16,7,8,7,4,1,0
Red Rock Creek,Corral Creek to Antelope Creek,28,1,7/9/2014 0:00:00,408.00,30.00,9.10,4,2,2,4,4,7,20,22,25,10,0,0,0,0,0
Red Rock Creek,Corral Creek to Antelope Creek,28,2,8/1/2017 0:00:00,176.00,44.00,8.50,25,3,4,2,4,9,10,9,13,5,8,2,4,0,2
Red Rock Creek,Corral Creek to Antelope Creek,28,2,7/23/2019 0:00:00,156.00,39.00,9.40,24,8,8,14,14,9,10,7,4,2,0,0,0,0,0
Red Rock Creek,Corral Creek to Antelope Creek,28,2,7/9/2014 0:00:00,408.00,55.00,8.60,11,10,4,7,12,21,11,16,8,2,0,0,0,0,0
Red Rock Creek,Corral Creek to Antelope Creek,28,3,7/23/2019 0:00:00,156.00,39.00,9.40,23,6,5,2,3,9,11,16,7,8,5,3,3,0,0
Red Rock Creek,Corral Creek to Antelope Creek,28,3,7/9/2014 0:00:00,408.00,120.00,14.50,8,6,3,2,3,5,12,16,13,15,11,3,0,0,0
Red Rock Creek,Corral Creek to Antelope Creek,28,3,8/1/2017 0:00:00,176.00,44.00,8.50,10,6,0,5,4,6,13,19,9,11,6,4,1,2,3
Red Rock Creek,Corral Creek to Antelope Creek,28,4,7/23/2019 0:00:00,156.00,39.00,9.40,30,2,2,3,3,4,6,6,11,7,9,9,5,1,2
Red Rock Creek,Corral Creek to Antelope Creek,28,4,7/9/2014 0:00:00,408.00,28.50,6.70,2,1,1,1,1,4,9,12,12,14,19,13,7,1,0
Red Rock Creek,Corral Creek to Antelope Creek,28,4,8/1/2017 0:00:00,176.00,44.00,8.50,10,5,4,3,1,11,24,9,16,7,9,0,1,0,0
Red Rock Creek,Elk Lake Road to Battle Creek,29,1,7/31/2017 0:00:00,393.00,18.80,6.95,11,0,1,6,14,15,15,8,10,5,5,5,3,1,1
Red Rock Creek,Elk Lake Road to Battle Creek,29,1,7/10/2014 0:00:00,195.87,27.00,6.30,4,3,1,2,2,14,14,26,11,9,7,3,2,0,0
Red Rock Creek,Elk Lake Road to Battle Creek,29,1,7/22/2019 0:00:00,155.00,6.50,6.24,4,1,2,2,9,13,18,18,17,11,3,2,1,0,0
Red Rock Creek,Elk Lake Road to Battle Creek,29,2,7/31/2017 0:00:00,393.00,15.80,7.80,8,3,3,4,11,11,23,24,14,3,0,0,0,0,0
Red Rock Creek,Elk Lake Road to Battle Creek,29,2,7/22/2019 0:00:00,155.00,5.00,7.28,4,4,5,6,19,17,22,16,7,1,0,0,0,0,0
Red Rock Creek,Elk Lake Road to Battle Creek,29,2,7/10/2014 0:00:00,195.87,7.00,7.10,12,7,1,6,8,13,25,15,11,2,0,0,0,0,0
Red Rock Creek,Elk Lake Road to Battle Creek,29,3,7/10/2014 0:00:00,195.87,17.00,7.50,1,5,3,7,4,11,39,20,11,0,0,0,0,0,0
Red Rock Creek,Elk Lake Road to Battle Creek,29,3,7/31/2017 0:00:00,393.00,12.00,8.20,32,2,5,4,15,9,17,17,6,1,0,0,0,0,0
Red Rock Creek,Elk Lake Road to Battle Creek,29,3,7/22/2019 0:00:00,155.00,7.50,8.45,4,2,1,5,9,18,26,26,8,2,0,0,0,0,0
Red Rock Creek,Elk Lake Road to Battle Creek,29,4,7/10/2014 0:00:00,195.87,12.00,7.00,13,4,1,0,2,15,28,17,17,3,0,0,0,0,0
Red Rock Creek,Elk Lake Road to Battle Creek,29,4,7/31/2017 0:00:00,393.00,43.00,8.10,13,8,3,10,10,15,12,13,14,2,0,0,0,1,0
Red Rock Creek,Elk Lake Road to Battle Creek,29,4,7/22/2019 0:00:00,155.00,8.00,8.32,6,0,1,5,11,19,26,16,14,2,0,0,0,0,0
Red Rock Creek,Antelope Creek to Elk Lake Road,3,1,7/22/2019 0:00:00,189.00,30.00,8.70,15,2,0,5,9,9,15,16,19,10,1,0,0,0,0
Red Rock Creek,Antelope Creek to Elk Lake Road,3,1,7/20/2015 0:00:00,181.08,14.00,8.40,16,4,5,7,14,5,21,11,12,5,0,0,0,0,0
Red Rock Creek,Antelope Creek to Elk Lake Road,3,1,7/31/2017 0:00:00,170.00,6.50,8.10,35,2,3,3,6,12,13,14,16,7,0,0,0,0,0
Red Rock Creek,Antelope Creek to Elk Lake Road,3,2,7/20/2015 0:00:00,181.08,10.50,5.80,15,0,2,0,14,8,20,17,13,9,2,0,0,0,0
Red Rock Creek,Antelope Creek to Elk Lake Road,3,2,7/22/2019 0:00:00,189.00,6.00,7.02,15,1,2,4,9,14,17,23,14,3,0,0,0,0,0
Red Rock Creek,Antelope Creek to Elk Lake Road,3,2,7/31/2017 0:00:00,170.00,4.65,8.75,8,2,0,7,10,7,18,28,15,8,0,0,0,0,0
Red Rock Creek,Antelope Creek to Elk Lake Road,3,3,7/31/2017 0:00:00,170.00,4.65,8.32,11,0,4,0,5,5,19,25,23,11,2,0,0,0,0
Red Rock Creek,Antelope Creek to Elk Lake Road,3,3,7/20/2015 0:00:00,181.08,20.70,6.80,24,4,2,4,13,8,18,14,6,6,1,0,0,0,0
Red Rock Creek,Antelope Creek to Elk Lake Road,3,3,7/22/2019 0:00:00,189.00,9.50,7.30,4,1,4,5,7,10,24,27,16,5,0,0,0,0,0
Red Rock Creek,Antelope Creek to Elk Lake Road,3,4,7/22/2019 0:00:00,189.00,16.00,7.30,21,0,1,2,10,12,15,20,16,6,1,0,0,0,0
Red Rock Creek,Antelope Creek to Elk Lake Road,3,4,7/20/2015 0:00:00,181.08,20.40,8.00,22,2,3,3,12,10,18,16,14,7,0,0,0,0,0
Red Rock Creek,Antelope Creek to Elk Lake Road,3,4,7/31/2017 0:00:00,170.00,7.25,9.50,34,0,2,3,4,6,18,13,13,8,2,0,0,0,0
Red Rock Creek,Huntsman to Corral Creek,30,1,8/1/2017 0:00:00,358.00,7.20,8.00,35,7,9,12,19,11,7,0,0,0,0,0,0,0,0
Red Rock Creek,Huntsman to Corral Creek,30,1,7/23/2019 0:00:00,358.00,30.00,8.30,40,31,8,5,6,6,4,0,0,0,0,0,0,0,0
Red Rock Creek,Huntsman to Corral Creek,30,1,7/8/2014 0:00:00,273.07,26.00,7.10,31,4,8,13,15,21,6,1,1,0,0,0,0,0,0
Red Rock Creek,Huntsman to Corral Creek,30,2,7/23/2019 0:00:00,358.00,10.50,8.00,48,21,2,3,16,7,3,0,0,0,0,0,0,0,0
Red Rock Creek,Huntsman to Corral Creek,30,2,7/8/2014 0:00:00,273.07,16.00,6.30,18,0,11,18,31,14,8,0,0,0,0,0,0,0,0
Red Rock Creek,Huntsman to Corral Creek,30,2,8/1/2017 0:00:00,358.00,11.20,9.10,45,10,5,12,11,12,3,2,0,0,0,0,0,0,0
Red Rock Creek,Huntsman to Corral Creek,30,3,8/1/2017 0:00:00,358.00,11.20,10.00,22,4,2,6,8,11,9,7,11,7,4,7,2,0,0
Red Rock Creek,Huntsman to Corral Creek,30,3,7/9/2014 0:00:00,273.07,27.00,6.90,40,7,13,15,15,8,2,0,0,0,0,0,0,0,0
Red Rock Creek,Huntsman to Corral Creek,30,3,7/23/2019 0:00:00,358.00,12.00,9.70,53,17,7,4,9,6,4,0,0,0,0,0,0,0,0
Red Rock Creek,Huntsman to Corral Creek,30,4,8/1/2017 0:00:00,358.00,5.00,8.00,34,3,1,4,5,1,5,5,11,6,9,10,4,1,1
Red Rock Creek,Huntsman to Corral Creek,30,4,7/23/2019 0:00:00,358.00,10.20,8.90,1,52,1,0,1,1,1,8,12,13,5,3,2,0,0
Red Rock Creek,Huntsman to Corral Creek,30,4,7/9/2014 0:00:00,273.07,13.00,7.20,17,1,1,3,8,4,11,11,6,10,9,11,1,5,0
Red Rock Creek,Hellroaring Creek,31,1,7/22/2019 0:00:00,240.00,48.30,4.91,18,7,3,3,6,8,13,10,11,8,5,4,3,1,0
Red Rock Creek,Hellroaring Creek,31,1,7/7/2014 0:00:00,204.70,21.00,5.20,15,0,0,0,4,3,10,13,17,11,14,9,4,0,0
Red Rock Creek,Hellroaring Creek,31,1,8/1/2017 0:00:00,95.00,11.60,5.90,19,2,1,2,1,5,0,11,8,15,16,17,10,3,0
Red Rock Creek,Hellroaring Creek,31,2,7/22/2019 0:00:00,240.00,6.20,3.60,8,3,3,3,5,10,12,16,8,17,9,5,1,0,0
Red Rock Creek,Hellroaring Creek,31,2,7/7/2014 0:00:00,204.70,12.70,4.80,7,1,0,0,1,1,9,6,21,15,16,11,7,4,0
Red Rock Creek,Hellroaring Creek,31,2,8/1/2017 0:00:00,95.00,20.70,5.20,20,2,1,1,2,8,9,9,16,15,16,11,5,2,0
Red Rock Creek,Hellroaring Creek,31,3,8/1/2017 0:00:00,95.00,9.80,6.50,11,7,2,4,2,5,14,14,9,24,14,2,3,0,0
Red Rock Creek,Hellroaring Creek,31,3,7/22/2019 0:00:00,240.00,68.30,5.20,15,4,5,7,10,11,8,7,8,6,4,10,5,0,0
Red Rock Creek,Hellroaring Creek,31,3,7/7/2014 0:00:00,204.70,35.00,5.10,0,0,1,0,1,3,9,15,18,17,15,15,6,0,0
Red Rock Creek,Hellroaring Creek,31,4,7/7/2014 0:00:00,204.70,22.40,5.10,1,0,0,1,2,5,4,19,12,26,16,9,5,0,0
Red Rock Creek,Hellroaring Creek,31,4,8/1/2017 0:00:00,95.00,4.10,5.50,16,2,1,2,1,3,12,10,10,11,15,12,7,0,0
Red Rock Creek,Hellroaring Creek,31,4,7/22/2019 0:00:00,240.00,22.60,5.40,7,7,3,6,7,9,8,13,12,12,5,5,5,0,0
Red Rock Creek,Hellroaring Creek,32,1,7/7/2014 0:00:00,179.57,18.80,4.20,33,1,1,9,6,7,15,13,9,3,3,0,0,0,0
Red Rock Creek,Hellroaring Creek,32,1,7/23/2019 0:00:00,112.00,14.10,4.60,16,5,1,7,8,6,26,14,13,3,1,0,0,0,0
Red Rock Creek,Hellroaring Creek,32,1,8/1/2017 0:00:00,33.00,4.20,4.50,21,0,1,6,7,6,14,23,18,6,2,0,0,0,0
Red Rock Creek,Hellroaring Creek,32,2,8/1/2017 0:00:00,33.00,1.90,4.20,13,4,1,6,8,13,24,15,11,9,1,0,0,0,0
Red Rock Creek,Hellroaring Creek,32,2,7/23/2019 0:00:00,112.00,6.00,4.30,18,5,4,8,7,12,12,18,5,11,0,0,0,0,0
Red Rock Creek,Hellroaring Creek,32,2,7/7/2014 0:00:00,179.57,8.50,5.00,7,0,1,6,13,9,16,19,23,4,2,0,0,0,0
Red Rock Creek,Hellroaring Creek,32,3,7/23/2019 0:00:00,112.00,4.90,4.20,16,6,10,9,8,5,8,16,13,6,3,0,0,0,0
Red Rock Creek,Hellroaring Creek,32,3,7/7/2014 0:00:00,179.57,6.70,4.70,2,4,7,9,9,15,18,16,13,7,0,0,0,0,0
Red Rock Creek,Hellroaring Creek,32,3,8/1/2017 0:00:00,33.00,2.80,3.40,33,3,0,2,4,6,6,9,18,18,5,0,0,0,0
Red Rock Creek,Hellroaring Creek,32,4,7/7/2014 0:00:00,179.57,12.80,4.70,2,1,2,5,15,10,21,22,15,6,1,0,0,0,0
Red Rock Creek,Hellroaring Creek,32,4,7/23/2019 0:00:00,112.00,10.60,5.90,13,5,4,5,15,17,21,10,7,3,0,0,0,0,0
Red Rock Creek,Hellroaring Creek,32,4,8/1/2017 0:00:00,33.00,3.30,4.20,17,4,1,4,4,7,9,13,17,22,8,1,0,0,0
Red Rock Creek,Huntsman to Corral Creek,33,1,7/8/2014 0:00:00,175.00,20.00,5.80,1,0,2,2,1,9,8,20,28,17,8,4,0,0,0
Red Rock Creek,Huntsman to Corral Creek,33,1,8/1/2017 0:00:00,112.00,7.10,6.70,19,2,0,1,4,3,8,14,19,21,7,4,0,1,0
Red Rock Creek,Huntsman to Corral Creek,33,1,7/23/2019 0:00:00,145.00,14.70,6.70,14,1,1,4,4,3,7,11,19,18,17,1,0,0,0
Red Rock Creek,Huntsman to Corral Creek,33,2,7/8/2014 0:00:00,175.00,15.00,6.50,3,0,0,2,5,7,18,25,15,14,8,2,1,0,0
Red Rock Creek,Huntsman to Corral Creek,33,2,8/1/2017 0:00:00,112.00,7.40,6.70,6,5,1,1,3,1,8,13,16,26,12,4,4,0,0
Red Rock Creek,Huntsman to Corral Creek,33,2,7/23/2019 0:00:00,145.00,12.70,7.39,19,2,0,6,4,10,12,16,13,9,6,2,1,0,0
Red Rock Creek,Huntsman to Corral Creek,33,3,8/1/2017 0:00:00,112.00,5.70,6.25,9,1,2,4,2,8,7,14,27,19,8,0,1,0,0
Red Rock Creek,Huntsman to Corral Creek,33,3,7/23/2019 0:00:00,145.00,13.70,5.18,12,2,3,1,2,8,12,12,15,22,10,1,0,0,0
Red Rock Creek,Huntsman to Corral Creek,33,3,7/8/2014 0:00:00,175.00,20.20,4.25,2,0,1,0,8,12,14,13,25,12,8,4,1,0,0
Red Rock Creek,Huntsman to Corral Creek,33,4,7/23/2019 0:00:00,145.00,7.60,6.60,17,6,8,3,3,2,1,4,13,12,22,9,0,0,0
Red Rock Creek,Huntsman to Corral Creek,33,4,8/1/2017 0:00:00,112.00,7.80,7.62,20,1,0,2,4,9,25,16,19,3,1,1,0,0,0
Red Rock Creek,Huntsman to Corral Creek,33,4,7/8/2014 0:00:00,175.00,24.00,4.50,0,0,0,0,2,5,10,10,17,23,23,8,2,0,0
Red Rock Creek,Huntsman to Corral Creek,34,1,8/1/2017 0:00:00,137.87,12.50,12.00,20,5,6,13,15,23,15,3,1,1,0,0,0,0,0
Red Rock Creek,Huntsman to Corral Creek,34,1,7/23/2019 0:00:00,102.00,11.00,13.00,20,0,4,10,12,25,16,11,1,2,0,0,0,0,0
Red Rock Creek,Huntsman to Corral Creek,34,1,7/8/2014 0:00:00,354.20,44.00,15.00,22,3,6,10,19,18,11,4,1,1,0,2,2,0,0
Red Rock Creek,Huntsman to Corral Creek,34,2,7/8/2014 0:00:00,354.20,13.00,8.80,25,2,5,10,25,17,13,1,1,1,0,0,0,0,0
Red Rock Creek,Huntsman to Corral Creek,34,2,8/1/2017 0:00:00,137.87,11.30,16.10,45,1,3,5,12,11,13,1,2,3,3,2,1,0,0
Red Rock Creek,Huntsman to Corral Creek,34,2,7/23/2019 0:00:00,102.00,13.00,11.20,28,1,1,6,12,16,10,7,3,2,2,8,4,0,0
Red Rock Creek,Huntsman to Corral Creek,34,3,8/1/2017 0:00:00,137.87,12.50,10.30,26,3,10,14,18,19,11,2,0,1,0,0,0,0,0
Red Rock Creek,Huntsman to Corral Creek,34,3,7/23/2019 0:00:00,102.00,10.85,10.14,30,3,8,20,20,8,8,4,0,0,0,0,0,0,0
Red Rock Creek,Huntsman to Corral Creek,34,3,7/8/2014 0:00:00,354.20,14.00,9.00,30,1,2,15,27,18,8,6,1,0,0,0,0,0,0
Red Rock Creek,Huntsman to Corral Creek,34,4,8/1/2017 0:00:00,137.87,7.50,13.00,63,1,3,6,9,12,6,3,0,0,0,0,0,0,0
Red Rock Creek,Huntsman to Corral Creek,34,4,7/23/2019 0:00:00,102.00,9.20,9.62,27,4,10,17,17,15,7,3,0,0,0,0,0,0,0
Red Rock Creek,Huntsman to Corral Creek,34,4,7/8/2014 0:00:00,354.20,24.00,8.00,17,0,5,25,27,17,8,0,1,0,0,0,0,0,0
Elk Creek,Forks to MacDonald Pond,36,1,7/8/2014 0:00:00,127.00,126.80,6.35,10,0,1,4,6,17,19,23,15,3,2,0,0,0,0
Elk Creek,Forks to MacDonald Pond,36,2,7/8/2014 0:00:00,127.00,126.80,13.78,26,1,3,6,11,17,13,10,10,1,2,0,0,0,0
Elk Creek,Forks to MacDonald Pond,36,3,7/8/2014 0:00:00,127.00,126.80,13.40,34,0,0,3,7,14,21,12,6,1,1,0,1,0,0
Elk Creek,Forks to MacDonald Pond,36,4,7/8/2014 0:00:00,127.00,126.80,9.70,52,2,5,6,12,12,6,3,1,1,0,0,0,0,0
Red Rock Creek,Downstream of Battle Creek,39,1,7/22/2019 0:00:00,140.00,35.00,7.00,84,3,2,2,4,1,0,0,0,0,0,0,0,0,0
Red Rock Creek,Downstream of Battle Creek,39,1,7/31/2017 0:00:00,202.00,14.30,8.10,79,1,8,5,5,1,0,1,0,0,0,0,0,0,0
Red Rock Creek,Downstream of Battle Creek,39,1,7/16/2014 0:00:00,139.91,15.00,8.10,41,11,13,14,17,3,1,0,0,0,0,0,0,0,0
Red Rock Creek,Downstream of Battle Creek,39,2,7/16/2014 0:00:00,139.91,11.80,7.60,65,13,15,6,0,1,0,0,0,0,0,0,0,0,0
Red Rock Creek,Downstream of Battle Creek,39,2,7/22/2019 0:00:00,140.00,35.00,6.15,91,1,1,2,2,2,0,1,0,0,0,0,0,0,0
Red Rock Creek,Downstream of Battle Creek,39,2,7/31/2017 0:00:00,202.00,12.80,8.30,76,3,6,5,6,3,1,0,0,0,0,0,0,0,0
Red Rock Creek,Downstream of Battle Creek,39,3,7/31/2017 0:00:00,202.00,4.20,8.80,62,4,6,11,11,7,3,1,0,0,0,0,0,0,0
Red Rock Creek,Downstream of Battle Creek,39,3,7/16/2014 0:00:00,139.91,4.00,7.30,65,11,5,15,2,1,1,0,0,0,0,0,0,0,0
Red Rock Creek,Downstream of Battle Creek,39,3,7/22/2019 0:00:00,140.00,35.00,8.35,68,5,3,11,7,2,4,0,0,0,0,0,0,0,0
Red Rock Creek,Downstream of Battle Creek,39,4,7/22/2019 0:00:00,140.00,35.00,6.30,75,3,3,11,8,0,0,0,0,0,0,0,0,0,0
Red Rock Creek,Downstream of Battle Creek,39,4,7/16/2014 0:00:00,139.91,3.20,9.10,60,12,15,7,8,1,2,0,0,0,0,0,0,0,0
Red Rock Creek,Downstream of Battle Creek,39,4,7/31/2017 0:00:00,202.00,13.70,7.80,70,3,7,9,8,2,1,1,0,0,0,0,0,0,0
Red Rock Creek,Antelope Creek to Elk Lake Road,4,1,7/23/2019 0:00:00,124.00,25.10,8.60,7,0,0,0,2,6,16,23,37,15,3,0,0,0,0
Red Rock Creek,Antelope Creek to Elk Lake Road,4,1,7/21/2015 0:00:00,161.74,14.90,7.20,18,2,2,9,6,9,12,15,15,12,2,0,0,0,0
Red Rock Creek,Antelope Creek to Elk Lake Road,4,1,7/31/2017 0:00:00,178.00,10.50,6.93,20,3,2,3,7,4,4,17,24,17,2,0,0,0,0
Red Rock Creek,Antelope Creek to Elk Lake Road,4,2,7/31/2017 0:00:00,178.00,27.20,8.20,10,6,3,9,8,13,18,22,11,4,0,0,0,0,0
Red Rock Creek,Antelope Creek to Elk Lake Road,4,2,7/21/2015 0:00:00,161.74,30.68,8.62,7,0,1,4,9,13,24,24,12,4,1,0,0,0,0
Red Rock Creek,Antelope Creek to Elk Lake Road,4,2,7/23/2019 0:00:00,124.00,31.00,29.00,15,0,0,4,7,13,16,21,20,4,2,0,0,0,0
Red Rock Creek,Antelope Creek to Elk Lake Road,4,3,7/23/2019 0:00:00,124.00,6.00,8.20,32,1,0,2,1,5,12,19,15,5,5,3,0,0,0
Red Rock Creek,Antelope Creek to Elk Lake Road,4,3,7/21/2015 0:00:00,161.74,10.00,7.20,33,0,1,3,11,14,16,9,8,5,0,0,0,0,0
Red Rock Creek,Antelope Creek to Elk Lake Road,4,3,7/31/2017 0:00:00,178.00,8.40,7.15,25,6,4,5,7,8,15,9,17,7,1,0,0,0,0
Red Rock Creek,Antelope Creek to Elk Lake Road,4,4,7/21/2015 0:00:00,161.74,20.00,8.90,24,2,0,3,9,9,22,17,6,6,2,0,0,0,0
Red Rock Creek,Antelope Creek to Elk Lake Road,4,4,7/23/2019 0:00:00,124.00,11.70,8.00,26,0,2,3,8,10,18,21,13,6,2,0,0,0,0
Red Rock Creek,Antelope Creek to Elk Lake Road,4,4,7/31/2017 0:00:00,178.00,16.60,8.50,28,4,1,3,15,16,16,12,7,2,0,0,0,0,0
Elk Creek,Restoration,40,1,8/2/2017 0:00:00,52.70,52.70,2.70,20,1,1,1,10,11,20,17,13,10,1,0,0,0,1
Elk Creek,Restoration,40,1,7/23/2019 0:00:00,84.00,7.00,3.30,4,0,2,2,0,6,10,26,43,3,3,0,0,1,0
Elk Creek,Restoration,40,2,7/23/2019 0:00:00,84.00,15.00,3.30,10,0,2,1,10,13,22,15,14,9,1,1,1,0,1
Elk Creek,Restoration,40,2,8/2/2017 0:00:00,52.70,52.70,2.70,51,0,0,0,1,4,14,20,7,6,1,0,0,0,1
Elk Creek,Restoration,40,3,8/2/2017 0:00:00,52.70,52.70,2.70,29,0,0,0,1,5,10,19,21,8,5,1,1,0,0
Elk Creek,Restoration,40,3,7/23/2019 0:00:00,84.00,7.00,3.30,13,1,5,2,11,11,17,14,17,7,1,1,0,0,0
Elk Creek,Restoration,40,4,7/23/2019 0:00:00,84.00,3.80,3.46,20,0,4,4,10,7,19,14,13,7,3,2,1,0,0
Elk Creek,Restoration,40,4,8/2/2017 0:00:00,52.70,52.70,2.70,51,0,0,1,1,6,8,16,15,8,1,0,0,0,0
Red Rock Creek,Antelope Creek to Elk Lake Road,5,1,8/1/2017 0:00:00,108.00,15.25,10.90,15,4,0,3,1,9,15,18,19,12,6,1,0,0,0
Red Rock Creek,Antelope Creek to Elk Lake Road,5,1,7/23/2019 0:00:00,134.00,15.90,9.98,10,1,0,2,4,10,17,18,24,10,7,0,2,0,0
Red Rock Creek,Antelope Creek to Elk Lake Road,5,1,7/21/2015 0:00:00,127.18,18.00,10.20,7,0,3,2,4,5,15,21,21,9,5,3,2,1,0
Red Rock Creek,Antelope Creek to Elk Lake Road,5,2,7/23/2019 0:00:00,134.00,11.10,9.00,19,1,0,3,3,8,10,22,11,15,7,3,1,0,0
Red Rock Creek,Antelope Creek to Elk Lake Road,5,2,8/1/2017 0:00:00,108.00,12.00,8.50,4,1,1,4,5,9,26,20,13,10,4,2,0,2,1
Red Rock Creek,Antelope Creek to Elk Lake Road,5,2,7/21/2015 0:00:00,127.18,23.71,6.79,12,0,0,3,3,8,21,17,23,5,2,2,0,2,0
Red Rock Creek,Antelope Creek to Elk Lake Road,5,3,7/21/2015 0:00:00,127.18,5.63,6.83,5,1,0,10,18,11,13,15,11,9,4,3,0,0,0
Red Rock Creek,Antelope Creek to Elk Lake Road,5,3,7/23/2019 0:00:00,134.00,9.00,8.30,14,0,0,4,6,10,19,20,20,4,3,0,0,0,0
Red Rock Creek,Antelope Creek to Elk Lake Road,5,3,8/1/2017 0:00:00,108.00,8.50,6.50,20,1,0,0,8,10,11,15,13,9,5,2,0,1,1
Red Rock Creek,Antelope Creek to Elk Lake Road,5,4,8/1/2017 0:00:00,108.00,5.60,8.40,26,1,0,1,3,2,11,13,14,16,15,0,0,0,0
Red Rock Creek,Antelope Creek to Elk Lake Road,5,4,7/23/2019 0:00:00,134.00,9.40,7.40,4,1,0,4,5,9,23,22,21,11,1,1,0,0,0
Red Rock Creek,Antelope Creek to Elk Lake Road,5,4,7/21/2015 0:00:00,127.18,18.00,7.00,15,9,2,1,4,15,22,19,5,5,3,0,0,0,0
Red Rock Creek,Huntsman to Corral Creek,6,1,7/23/2019 0:00:00,153.00,10.00,11.96,58,0,2,2,4,7,6,7,10,3,1,0,0,0,0
Red Rock Creek,Huntsman to Corral Creek,6,1,7/21/2015 0:00:00,577.62,62.00,15.00,100,0,0,0,0,0,0,0,0,0,0,0,0,0,0
Red Rock Creek,Huntsman to Corral Creek,6,2,7/21/2015 0:00:00,577.62,78.00,16.20,100,0,0,0,0,0,0,0,0,0,0,0,0,0,0
Red Rock Creek,Huntsman to Corral Creek,6,2,7/23/2019 0:00:00,153.00,7.80,8.58,21,1,1,3,7,16,18,19,10,3,1,0,0,0,0
Red Rock Creek,Huntsman to Corral Creek,6,3,7/23/2019 0:00:00,153.00,3.80,10.40,31,1,2,7,14,15,17,9,4,0,0,0,0,0,0
Red Rock Creek,Huntsman to Corral Creek,6,3,7/21/2015 0:00:00,577.62,60.00,15.00,100,0,0,0,0,0,0,0,0,0,0,0,0,0,0
Red Rock Creek,Huntsman to Corral Creek,6,4,7/21/2015 0:00:00,577.62,44.60,17.80,100,0,0,0,0,0,0,0,0,0,0,0,0,0,0
Red Rock Creek,Huntsman to Corral Creek,6,4,7/23/2019 0:00:00,153.00,8.00,10.14,20,3,8,6,15,18,18,11,1,0,0,0,0,0,0
Red Rock Creek,Huntsman to Corral Creek,7,1,7/21/2015 0:00:00,176.53,30.00,4.92,20,2,1,3,1,1,11,20,15,20,5,0,1,0,0
Red Rock Creek,Huntsman to Corral Creek,7,1,7/23/2019 0:00:00,177.00,13.30,11.09,12,0,1,2,9,6,9,26,16,11,8,0,0,0,0
Red Rock Creek,Huntsman to Corral Creek,7,1,8/1/2017 0:00:00,192.00,15.20,6.50,5,2,0,0,2,2,14,11,14,13,13,7,5,4,14
Red Rock Creek,Huntsman to Corral Creek,7,2,8/1/2017 0:00:00,192.00,8.00,6.20,10,0,0,6,5,16,16,11,14,12,3,7,2,0,4
Red Rock Creek,Huntsman to Corral Creek,7,2,7/21/2015 0:00:00,176.53,7.40,6.50,27,0,4,5,3,12,17,17,8,6,0,0,0,0,0
Red Rock Creek,Huntsman to Corral Creek,7,2,7/23/2019 0:00:00,177.00,8.10,4.30,11,1,0,4,1,4,12,20,27,18,2,0,0,0,0
Red Rock Creek,Huntsman to Corral Creek,7,3,7/21/2015 0:00:00,176.53,16.00,4.63,5,1,2,4,2,7,12,16,19,12,7,3,2,2,0
Red Rock Creek,Huntsman to Corral Creek,7,3,7/23/2019 0:00:00,177.00,48.00,3.78,21,2,0,3,2,5,9,14,14,16,10,3,1,0,0
Red Rock Creek,Huntsman to Corral Creek,7,3,8/1/2017 0:00:00,192.00,13.50,4.70,14,0,3,2,2,6,10,19,17,23,14,3,0,0,0
Red Rock Creek,Huntsman to Corral Creek,7,4,8/1/2017 0:00:00,192.00,15.00,8.40,24,0,0,2,11,12,14,28,9,5,2,0,0,0,0
Red Rock Creek,Huntsman to Corral Creek,7,4,7/21/2015 0:00:00,176.53,20.93,6.39,4,0,1,0,4,3,9,16,20,15,11,4,5,3,0
Red Rock Creek,Huntsman to Corral Creek,7,4,7/23/2019 0:00:00,177.00,21.60,4.84,16,1,2,1,9,6,12,14,17,15,4,2,1,0,0
Red Rock Creek,Huntsman,8,1,8/1/2017 0:00:00,94.00,12.25,7.80,61,3,4,8,8,12,6,2,1,0,0,0,0,0,0
Red Rock Creek,Huntsman,8,1,7/23/2019 0:00:00,150.00,11.90,7.00,42,3,7,10,9,14,9,4,2,0,0,0,0,0,0
Red Rock Creek,Huntsman,8,1,7/22/2015 0:00:00,170.65,7.05,6.10,63,9,1,3,8,8,7,1,0,0,0,0,0,0,0
Red Rock Creek,Huntsman,8,2,7/23/2019 0:00:00,150.00,16.70,6.89,42,3,6,18,10,11,8,2,1,1,0,0,0,0,0
Red Rock Creek,Huntsman,8,2,7/22/2015 0:00:00,170.65,9.22,6.44,50,9,10,11,5,4,4,6,1,0,0,0,0,0,0
Red Rock Creek,Huntsman,8,2,8/1/2017 0:00:00,94.00,9.20,7.10,42,5,5,9,17,12,14,5,2,0,0,0,0,0,0
Red Rock Creek,Huntsman,8,3,7/22/2015 0:00:00,170.65,9.00,5.10,68,8,1,4,6,5,3,1,4,1,0,0,0,0,0
Red Rock Creek,Huntsman,8,3,7/23/2019 0:00:00,150.00,10.60,7.02,35,0,3,5,5,6,12,14,9,7,3,0,1,0,0
Red Rock Creek,Huntsman,8,3,8/1/2017 0:00:00,94.00,15.00,5.10,64,3,0,3,13,7,4,4,3,2,2,0,0,0,0
Red Rock Creek,Huntsman,8,4,7/22/2015 0:00:00,170.65,5.00,7.00,36,2,2,7,17,16,12,6,3,0,0,0,0,0,0
Red Rock Creek,Huntsman,8,4,8/1/2017 0:00:00,94.00,9.00,6.80,54,2,0,2,5,8,8,13,1,7,2,0,1,0,0
Red Rock Creek,Huntsman,8,4,7/23/2019 0:00:00,150.00,6.00,7.30,26,2,5,8,15,21,14,4,3,2,0,0,0,0,0
Picnic Creek,Culver Pond to Widgeon Pond,9,1,7/20/2015 0:00:00,39.67,9.02,3.82,95,0,0,2,1,1,0,1,0,0,0,0,0,0,0
Picnic Creek,Culver Pond to Widgeon Pond,9,1,8/2/2017 0:00:00,97.00,2.40,3.20,43,18,5,3,3,4,8,8,1,5,2,1,4,1,1
Picnic Creek,Culver Pond to Widgeon Pond,9,1,7/22/2019 0:00:00,40.10,7.90,2.80,74,0,2,2,0,3,0,2,3,1,3,0,5,3,2
Picnic Creek,Culver Pond to Widgeon Pond,9,2,7/22/2019 0:00:00,40.10,4.20,4.30,64,6,15,5,9,1,1,0,0,0,0,0,0,0,0
Picnic Creek,Culver Pond to Widgeon Pond,9,2,8/2/2017 0:00:00,97.00,3.10,3.20,60,16,9,10,2,1,2,1,0,0,0,0,0,0,0
Picnic Creek,Culver Pond to Widgeon Pond,9,2,7/20/2015 0:00:00,39.67,5.62,2.86,91,4,3,1,0,1,0,0,0,0,0,0,0,0,0
Picnic Creek,Culver Pond to Widgeon Pond,9,3,7/20/2015 0:00:00,39.67,8.36,3.74,90,0,5,2,3,0,0,0,0,0,0,0,0,0,0
Picnic Creek,Culver Pond to Widgeon Pond,9,3,8/2/2017 0:00:00,97.00,4.40,3.20,40,22,12,9,3,6,3,5,0,0,0,0,0,0,0
Picnic Creek,Culver Pond to Widgeon Pond,9,3,7/22/2019 0:00:00,40.10,8.20,2.70,85,4,9,2,2,2,0,0,0,0,0,0,0,0,0
Picnic Creek,Culver Pond to Widgeon Pond,9,4,8/2/2017 0:00:00,97.00,5.00,3.20,42,41,9,5,2,1,1,2,0,0,0,0,0,0,0
Picnic Creek,Culver Pond to Widgeon Pond,9,4,7/20/2015 0:00:00,39.67,5.10,2.24,78,8,9,1,3,0,1,0,0,0,0,0,0,0,0
Picnic Creek,Culver Pond to Widgeon Pond,9,4,7/22/2019 0:00:00,40.10,4.40,2.20,90,3,4,1,2,0,1,1,0,0,0,0,0,0,0
